{"avg_epoch_time": 0.99, "steps_performed": 172, "batch_size": 489, "seq_len": 128, "lr": 0.0001, "final_perplexity": 63.8552099609375, "final_eval_loss": 7.38, "avg_before_gpu_mem": 649447721.67, "avg_forward_gpu_mem": 19962301195.91, "avg_backward_gpu_mem": 7156284249.3, "avg_peak_gpu_mem": 32811781590.33, "avg_eval_duration_eval_loader": 0.061211013113589674, "avg_train_duration_per_batch": 0.01880580171682807, "max_batch_size": 489}