train_loss,val_loss,val_accuracy,val_f1
4.570301342010498,,,
4.554269599914551,,,
4.55603141784668,,,
4.57296085357666,,,
4.558973693847657,,,
4.561378765106201,,,
4.561724853515625,,,
4.564614868164062,,,
4.561943531036377,,,
4.560080814361572,,,
4.569657897949218,,,
4.560399532318115,,,
4.56533899307251,,,
4.560384464263916,,,
4.557032299041748,,,
4.551491451263428,,,
4.5552960395812985,,,
4.554821491241455,,,
4.5455296516418455,,,
4.550500774383545,,,
4.559193897247314,,,
4.549569606781006,,,
4.547398471832276,,,
4.5399445533752445,,,
4.5404716491699215,,,
4.555056476593018,,,
4.543837451934815,,,
4.542887783050537,,,
4.539063835144043,,,
4.539751243591309,,,
4.532179546356201,,,
4.536189079284668,,,
4.530515670776367,,,
4.538468933105468,,,
4.5327606201171875,,,
4.525227165222168,,,
4.540177726745606,,,
4.533982563018799,,,
4.527303218841553,,,
4.515986633300781,,,
4.519734287261963,,,
4.515416622161865,,,
4.5233386039733885,,,
4.5039369583129885,,,
4.502732944488526,,,
4.50010929107666,,,
4.512420177459717,,,
4.499943447113037,,,
4.531068515777588,,,
4.496427059173584,,,
4.4628523826599125,,,
4.4807531356811525,,,
4.437671184539795,,,
4.494503593444824,,,
4.450816631317139,,,
4.472705364227295,,,
4.452562046051026,,,
4.451739692687989,,,
4.466927528381348,,,
4.460228061676025,,,
