{"avg_epoch_time": 0.99, "steps_performed": 172, "batch_size": 489, "seq_len": 128, "lr": 0.0001, "final_perplexity": 64.361982421875, "final_eval_loss": 7.38625, "avg_before_gpu_mem": 649447721.67, "avg_forward_gpu_mem": 19962301195.91, "avg_backward_gpu_mem": 7156284249.3, "avg_peak_gpu_mem": 32811781590.33, "avg_eval_duration_eval_loader": 0.06059808854797951, "avg_train_duration_per_batch": 0.019699597433426006, "max_batch_size": 489}