{"avg_epoch_time": 12.04, "steps_performed": 419, "batch_size": 201, "seq_len": 128, "lr": 0.0001, "final_perplexity": 13.62860107421875, "final_eval_loss": 6.720984474557345, "avg_before_gpu_mem": 1279477542.49, "avg_forward_gpu_mem": 17963362084.05, "avg_backward_gpu_mem": 6621601570.83, "avg_peak_gpu_mem": 28329659813.58, "avg_eval_duration_eval_loader": 0.18341053165907265, "avg_train_duration_per_batch": 0.29720416614399037, "max_batch_size": 201}